{"cameraMode":{"drawMode":0,"name":"Shaded","section":"Shading Mode"},"sceneLighting":true,"audioPlay":false,"sceneViewState":{"m_AlwaysRefresh":false,"showFog":true,"showSkybox":true,"showFlares":true,"showImageEffects":true,"showParticleSystems":true,"showVisualEffectGraphs":true,"m_FxEnabled":true},"in2DMode":false,"pivot":{"x":-24.333045959472658,"y":19.291200637817384,"z":26.11672592163086},"rotation":{"x":0.05422743037343025,"y":-0.8381208777427673,"z":0.08478183299303055,"w":0.5361533164978027},"size":44.96388626098633,"orthographic":false}